C,Accuracy,Precision,Recall,F1,TrainSeconds,PredictSeconds,MsPerSample
0.1,0.975674775074975,0.984924623115578,0.978532201697454,0.981718006511395,2.477993,0.286535,0.0954798400533156
0.3,0.975674775074975,0.984924623115578,0.978532201697454,0.981718006511395,1.951643,0.274441,0.0914498500499833
1,0.975674775074975,0.984924623115578,0.978532201697454,0.981718006511395,1.952083,0.234377,0.0780996334555148
3,0.975674775074975,0.984924623115578,0.978532201697454,0.981718006511395,1.831142,0.242576,0.0808317227590803
10,0.975674775074975,0.984924623115578,0.978532201697454,0.981718006511395,1.870904,0.231489,0.0771372875708097
